{
	"description": "<p>A User-Friendly Free-To-Air TV Player for M7 Media Center with additional features.",
	"author": "lprot, F0R3V3R50F7",
	"homepage": "https://github.com/dajesusmodz/m7-plugin-vuePRO",
	"title": "vuePRO",
	"synopsis": "A User-Friendly Free-To-Air TV Player for M7 Media Center with additional features.",
	"version": "3.2 (Pre-Release)",
	"file": "vuepro.js",
	"M7Version": "7.0.24",
	"type": "ecmascript",
	"id": "vuePRO",
	"icon": "logo.png",
	"category": "tv",
	"apiversion": 2
}