{
	"description": "<p>A User-Friendly M3U/XML IPTV Player for Movian/M7 Media Center featuring a collection of 3rd Party Free-to-Air Content Providers!",
	"author": "lprot, dajesusmodz",
	"homepage": "https://github.com/dajesusmodz/movian-plugin-StreamPro",
	"title": "StreamPRO",
	"synopsis": "User-Friendly M3U/XML IPTV Player.",
	"version": "3.0 (Pre-Release)",
	"file": "streampro.js",
	"M7Version": "7.0.24",
	"type": "ecmascript",
	"id": "streampro",
	"icon": "logo.png",
	"category": "video",
	"apiversion": 2
}